{
    "device_type": "D435i",
    "imus": [
        {
            "accelerometer": {
                "bias": [
                    0.12824885779359219,
                    0.6310403125406827,
                    0.18752880912257672
                ],
                "scale_and_alignment": [
                    1.0144850602220783,
                    0.010674591038752977,
                    -0.009843773195884864,
                    0.00869943922869909,
                    1.0226530672762015,
                    -0.004147864460573469,
                    -0.0020640093135799314,
                    -0.024383544897366605,
                    1.01149926436016
                ]
            },
            "gyroscope": {
                "bias": [
                    -0.0044910829287789595,
                    0.001705810307206184,
                    -1.6782011908407396e-05
                ],
                "scale_and_alignment": [
                    1.0,
                    0.0,
                    0.0,
                    0.0,
                    1.0,
                    0.0,
                    0.0,
                    0.0,
                    1.0
                ]
            }
        }
    ]
}